/calendar.birthday/1.44/Wed Jun  3 14:10:56 2020//Tnetbsd-10-0-RELEASE
/calendar.christian/1.10.2.2/Mon Oct 30 17:42:15 2023//Tnetbsd-10-0-RELEASE
/calendar.computer/1.18/Thu Jun 17 11:32:34 2021//Tnetbsd-10-0-RELEASE
/calendar.history/1.36.10.1/Mon Oct 30 17:42:15 2023//Tnetbsd-10-0-RELEASE
/calendar.holiday/1.33.2.1/Mon Oct 30 17:42:15 2023//Tnetbsd-10-0-RELEASE
/calendar.judaic/1.10.6.1/Mon Oct 30 17:42:15 2023//Tnetbsd-10-0-RELEASE
/calendar.lotr/1.2/Mon Nov 20 16:52:56 2006//Tnetbsd-10-0-RELEASE
/calendar.music/1.25/Wed Oct  7 19:06:50 2020//Tnetbsd-10-0-RELEASE
/calendar.netbsd/1.48.2.1/Mon Oct 30 17:42:15 2023//Tnetbsd-10-0-RELEASE
/calendar.usholiday/1.10.8.1/Mon Oct 30 17:42:15 2023//Tnetbsd-10-0-RELEASE
D
